machine,git_commit,trial,d,threads,batch_size,n_reps,ns_per_batch,ns_per_state_step,mstate_steps_s,gflops,gbytes_s
theLittleMachine,3eafeb0-dirty,1,3,1,1,50,551.44,551.44,1.813434,1.175105,2.872479
theLittleMachine,3eafeb0-dirty,1,9,1,1,50,5450.84,5450.84,0.183458,9.629342,19.734206
theLittleMachine,3eafeb0-dirty,1,27,1,1,50,511776.10,511776.10,0.001954,8.307398,16.660379
theLittleMachine,3eafeb0-dirty,1,3,1,8,50,1175.30,146.91,6.806773,4.410789,10.781928
theLittleMachine,3eafeb0-dirty,1,9,1,8,50,42005.34,5250.67,0.190452,9.996443,20.486538
theLittleMachine,3eafeb0-dirty,1,27,1,8,50,2256343.38,282042.92,0.003546,15.074046,30.230803
theLittleMachine,3eafeb0-dirty,1,3,1,32,50,1494.04,46.69,21.418436,13.879146,33.926802
theLittleMachine,3eafeb0-dirty,1,9,1,32,50,93790.68,2930.96,0.341185,17.908133,36.700619
theLittleMachine,3eafeb0-dirty,1,27,1,32,50,9075117.96,283597.44,0.003526,14.991419,30.065095
theLittleMachine,3eafeb0-dirty,1,3,1,128,50,5738.84,44.83,22.304159,14.453095,35.329788
theLittleMachine,3eafeb0-dirty,1,9,1,128,50,370619.88,2895.47,0.345367,18.127641,37.150473
theLittleMachine,3eafeb0-dirty,1,27,1,128,50,37602844.64,293772.22,0.003404,14.472192,29.023792
theLittleMachine,3eafeb0-dirty,1,3,2,1,50,309.48,309.48,3.231227,2.093835,5.118263
theLittleMachine,3eafeb0-dirty,1,9,2,1,50,3239.64,3239.64,0.308676,16.201800,33.203689
theLittleMachine,3eafeb0-dirty,1,27,2,1,50,286123.04,286123.04,0.003495,14.859090,29.799711
theLittleMachine,3eafeb0-dirty,1,3,2,8,50,4920.18,615.02,1.625957,1.053620,2.575516
theLittleMachine,3eafeb0-dirty,1,9,2,8,50,15833.10,1979.14,0.505271,26.520643,54.350948
theLittleMachine,3eafeb0-dirty,1,27,2,8,50,1143910.10,142988.76,0.006994,29.733302,59.629749
theLittleMachine,3eafeb0-dirty,1,3,2,32,50,5276.48,164.89,6.064649,3.929893,9.606404
theLittleMachine,3eafeb0-dirty,1,9,2,32,50,61896.48,1934.27,0.516992,27.135889,55.611822
theLittleMachine,3eafeb0-dirty,1,27,2,32,50,4697873.14,146808.54,0.006812,28.959679,58.078258
theLittleMachine,3eafeb0-dirty,1,3,2,128,50,7216.54,56.38,17.737032,11.493597,28.095458
theLittleMachine,3eafeb0-dirty,1,9,2,128,50,189365.44,1479.42,0.675942,35.478829,72.709698
theLittleMachine,3eafeb0-dirty,1,27,2,128,50,18919825.30,147811.14,0.006765,28.763246,57.684314
theLittleMachine,3eafeb0-dirty,1,3,4,1,50,310.72,310.72,3.218332,2.085479,5.097837
theLittleMachine,3eafeb0-dirty,1,9,4,1,50,3345.44,3345.44,0.298914,15.689416,32.153618
theLittleMachine,3eafeb0-dirty,1,27,4,1,50,291386.40,291386.40,0.003432,14.590688,29.261434
theLittleMachine,3eafeb0-dirty,1,3,4,8,50,8809.80,1101.22,0.908080,0.588436,1.438398
theLittleMachine,3eafeb0-dirty,1,9,4,8,50,14646.62,1830.83,0.546201,28.669003,58.753760
theLittleMachine,3eafeb0-dirty,1,27,4,8,50,751244.32,93905.54,0.010649,45.274517,90.797455
theLittleMachine,3eafeb0-dirty,1,3,4,32,50,6947.98,217.12,4.605655,2.984465,7.295358
theLittleMachine,3eafeb0-dirty,1,9,4,32,50,31559.14,986.22,1.013969,53.221222,109.070653
theLittleMachine,3eafeb0-dirty,1,27,4,32,50,2970697.24,92834.29,0.010772,45.796958,91.845202
theLittleMachine,3eafeb0-dirty,1,3,4,128,50,6512.60,50.88,19.654209,12.735927,31.132267
theLittleMachine,3eafeb0-dirty,1,9,4,128,50,119584.58,934.25,1.070372,56.181692,115.137788
theLittleMachine,3eafeb0-dirty,1,27,4,128,50,11608909.68,90694.61,0.011026,46.877407,94.012029
theLittleMachine,3eafeb0-dirty,1,3,8,1,50,346.82,346.82,2.883340,1.868404,4.567211
theLittleMachine,3eafeb0-dirty,1,9,8,1,50,3740.72,3740.72,0.267328,14.031523,28.755961
theLittleMachine,3eafeb0-dirty,1,27,8,1,50,289823.92,289823.92,0.003450,14.669348,29.419187
theLittleMachine,3eafeb0-dirty,1,3,8,8,50,13410.42,1676.30,0.596551,0.386565,0.944937
theLittleMachine,3eafeb0-dirty,1,9,8,8,50,16087.94,2010.99,0.497267,26.100545,53.490006
theLittleMachine,3eafeb0-dirty,1,27,8,8,50,386224.96,48278.12,0.020713,88.063247,176.609694
theLittleMachine,3eafeb0-dirty,1,3,8,32,50,9624.18,300.76,3.324959,2.154573,5.266734
theLittleMachine,3eafeb0-dirty,1,9,8,32,50,25494.28,796.70,1.255184,65.882072,135.017580
theLittleMachine,3eafeb0-dirty,1,27,8,32,50,1909903.42,59684.48,0.016755,71.233390,142.857636
theLittleMachine,3eafeb0-dirty,1,3,8,128,50,9812.74,76.66,13.044267,8.452685,20.662119
theLittleMachine,3eafeb0-dirty,1,9,8,128,50,74928.76,585.38,1.708289,89.664689,183.757265
theLittleMachine,3eafeb0-dirty,1,27,8,128,50,7188669.62,56161.48,0.017806,75.701849,151.819072
theLittleMachine,3eafeb0-dirty,1,3,16,1,50,345.20,345.20,2.896871,1.877173,4.588644
theLittleMachine,3eafeb0-dirty,1,9,16,1,50,4011.40,4011.40,0.249290,13.084709,26.815576
theLittleMachine,3eafeb0-dirty,1,27,16,1,50,297983.98,297983.98,0.003356,14.267639,28.613565
theLittleMachine,3eafeb0-dirty,1,3,16,8,50,37647.06,4705.88,0.212500,0.137700,0.336600
theLittleMachine,3eafeb0-dirty,1,9,16,8,50,25757.60,3219.70,0.310588,16.302140,33.409324
theLittleMachine,3eafeb0-dirty,1,27,16,8,50,558770.04,69846.26,0.014317,60.869806,122.073603
theLittleMachine,3eafeb0-dirty,1,3,16,32,50,30368.16,949.00,1.053735,0.682820,1.669117
theLittleMachine,3eafeb0-dirty,1,9,16,32,50,59563.50,1861.36,0.537242,28.198746,57.790022
theLittleMachine,3eafeb0-dirty,1,27,16,32,50,1561018.74,48781.84,0.020499,87.153916,174.786043
theLittleMachine,3eafeb0-dirty,1,3,16,128,50,29178.32,227.96,4.386819,2.842659,6.948721
theLittleMachine,3eafeb0-dirty,1,9,16,128,50,93915.10,733.71,1.362933,71.537633,146.607990
theLittleMachine,3eafeb0-dirty,1,27,16,128,50,5074753.92,39646.51,0.025223,107.235857,215.060113
theLittleMachine,3eafeb0-dirty,1,3,24,1,50,421.66,421.66,2.371579,1.536783,3.756581
theLittleMachine,3eafeb0-dirty,1,9,24,1,50,4261.66,4261.66,0.234650,12.316327,25.240869
theLittleMachine,3eafeb0-dirty,1,27,24,1,50,286788.98,286788.98,0.003487,14.824586,29.730515
theLittleMachine,3eafeb0-dirty,1,3,24,8,50,41310.72,5163.84,0.193654,0.125488,0.306748
theLittleMachine,3eafeb0-dirty,1,9,24,8,50,29873.02,3734.13,0.267800,14.056296,28.806729
theLittleMachine,3eafeb0-dirty,1,27,24,8,50,701555.88,87694.49,0.011403,48.481133,97.228281
theLittleMachine,3eafeb0-dirty,1,3,24,32,50,40784.88,1274.53,0.784604,0.508424,1.242814
theLittleMachine,3eafeb0-dirty,1,9,24,32,50,46814.70,1462.96,0.683546,35.877961,73.527674
theLittleMachine,3eafeb0-dirty,1,27,24,32,50,1367897.92,42746.81,0.023394,99.458369,199.462463
theLittleMachine,3eafeb0-dirty,1,3,24,128,50,59902.96,467.99,2.136789,1.384639,3.384674
theLittleMachine,3eafeb0-dirty,1,9,24,128,50,87351.20,682.43,1.465349,76.913242,157.624669
theLittleMachine,3eafeb0-dirty,1,27,24,128,50,3778752.44,29521.50,0.033874,144.014617,288.819437
theLittleMachine,3eafeb0-dirty,1,3,32,1,50,311.12,311.12,3.214194,2.082798,5.091283
theLittleMachine,3eafeb0-dirty,1,9,32,1,50,3315.54,3315.54,0.301610,15.830905,32.443584
theLittleMachine,3eafeb0-dirty,1,27,32,1,50,290759.18,290759.18,0.003439,14.622163,29.324556
theLittleMachine,3eafeb0-dirty,1,3,32,8,50,33872.32,4234.04,0.236181,0.153045,0.374111
theLittleMachine,3eafeb0-dirty,1,9,32,8,50,39542.28,4942.78,0.202315,10.619115,21.762630
theLittleMachine,3eafeb0-dirty,1,27,32,8,50,764932.44,95616.55,0.010458,44.464350,89.172675
theLittleMachine,3eafeb0-dirty,1,3,32,32,50,59305.08,1853.28,0.539583,0.349650,0.854699
theLittleMachine,3eafeb0-dirty,1,9,32,32,50,70912.82,2216.03,0.451258,23.685647,48.540955
theLittleMachine,3eafeb0-dirty,1,27,32,32,50,1166312.20,36447.26,0.027437,116.648781,233.937610
theLittleMachine,3eafeb0-dirty,1,3,32,128,50,79053.40,617.60,1.619159,1.049215,2.564747
theLittleMachine,3eafeb0-dirty,1,9,32,128,50,111990.92,874.93,1.142950,59.991149,122.944824
theLittleMachine,3eafeb0-dirty,1,27,32,128,50,3416350.30,26690.24,0.037467,159.291506,319.457039
theLittleMachine,3eafeb0-dirty,2,3,1,1,50,310.98,310.98,3.215641,2.083735,5.093575
theLittleMachine,3eafeb0-dirty,2,9,1,1,50,3351.36,3351.36,0.298386,15.661702,32.096820
theLittleMachine,3eafeb0-dirty,2,27,1,1,50,289563.56,289563.56,0.003453,14.682538,29.445639
theLittleMachine,3eafeb0-dirty,2,3,1,8,50,657.82,82.23,12.161382,7.880575,19.263628
theLittleMachine,3eafeb0-dirty,2,9,1,8,50,24153.02,3019.13,0.331222,17.385155,35.628836
theLittleMachine,3eafeb0-dirty,2,27,1,8,50,2409255.68,301156.96,0.003321,14.117316,28.312093
theLittleMachine,3eafeb0-dirty,2,3,1,32,50,1901.76,59.43,16.826519,10.903584,26.653205
theLittleMachine,3eafeb0-dirty,2,9,1,32,50,92914.36,2903.57,0.344403,18.077034,37.046760
theLittleMachine,3eafeb0-dirty,2,27,1,32,50,9728517.20,304016.16,0.003289,13.984546,28.045825
theLittleMachine,3eafeb0-dirty,2,3,1,128,50,5884.36,45.97,21.752578,14.095671,34.456084
theLittleMachine,3eafeb0-dirty,2,9,1,128,50,370465.44,2894.26,0.345511,18.135198,37.165961
theLittleMachine,3eafeb0-dirty,2,27,1,128,50,38274483.14,299019.40,0.003344,14.218235,28.514484
theLittleMachine,3eafeb0-dirty,2,3,2,1,50,309.30,309.30,3.233107,2.095053,5.121242
theLittleMachine,3eafeb0-dirty,2,9,2,1,50,3295.02,3295.02,0.303488,15.929494,32.645629
theLittleMachine,3eafeb0-dirty,2,27,2,1,50,290391.66,290391.66,0.003444,14.640668,29.361670
theLittleMachine,3eafeb0-dirty,2,3,2,8,50,4623.18,577.90,1.730411,1.121306,2.740971
theLittleMachine,3eafeb0-dirty,2,9,2,8,50,16803.04,2100.38,0.476104,24.989764,51.213590
theLittleMachine,3eafeb0-dirty,2,27,2,8,50,1326215.28,165776.91,0.006032,25.646081,51.432880
theLittleMachine,3eafeb0-dirty,2,3,2,32,50,4876.82,152.40,6.561653,4.251951,10.393658
theLittleMachine,3eafeb0-dirty,2,9,2,32,50,59864.64,1870.77,0.534539,28.056896,57.499318
theLittleMachine,3eafeb0-dirty,2,27,2,32,50,4784278.66,149508.71,0.006689,28.436658,57.029347
theLittleMachine,3eafeb0-dirty,2,3,2,128,50,7822.26,61.11,16.363557,10.603585,25.919875
theLittleMachine,3eafeb0-dirty,2,9,2,128,50,189720.08,1482.19,0.674678,35.412509,72.573783
theLittleMachine,3eafeb0-dirty,2,27,2,128,50,19043861.26,148780.17,0.006721,28.575906,57.308607
theLittleMachine,3eafeb0-dirty,2,3,4,1,50,402.82,402.82,2.482498,1.608659,3.932277
theLittleMachine,3eafeb0-dirty,2,9,4,1,50,4570.66,4570.66,0.218787,11.483681,23.534457
theLittleMachine,3eafeb0-dirty,2,27,4,1,50,282420.60,282420.60,0.003541,15.053888,30.190376
theLittleMachine,3eafeb0-dirty,2,3,4,8,50,5524.44,690.55,1.448111,0.938376,2.293807
theLittleMachine,3eafeb0-dirty,2,9,4,8,50,11759.40,1469.92,0.680307,35.707944,73.179244
theLittleMachine,3eafeb0-dirty,2,27,4,8,50,744129.24,93016.15,0.010751,45.707415,91.665625
theLittleMachine,3eafeb0-dirty,2,3,4,32,50,6452.10,201.63,4.959626,3.213837,7.856047
theLittleMachine,3eafeb0-dirty,2,9,4,32,50,39226.42,1225.83,0.815777,42.818488,87.751470
theLittleMachine,3eafeb0-dirty,2,27,4,32,50,2940525.28,91891.41,0.010882,46.266868,92.787602
theLittleMachine,3eafeb0-dirty,2,3,4,128,50,8914.72,69.65,14.358275,9.304162,22.743507
theLittleMachine,3eafeb0-dirty,2,9,4,128,50,126754.26,990.27,1.009828,53.003852,108.625178
theLittleMachine,3eafeb0-dirty,2,27,4,128,50,11647946.02,90999.58,0.010989,46.720304,93.696962
theLittleMachine,3eafeb0-dirty,2,3,8,1,50,319.80,319.80,3.126954,2.026266,4.953096
theLittleMachine,3eafeb0-dirty,2,9,8,1,50,3426.58,3426.58,0.291836,15.317897,31.392234
theLittleMachine,3eafeb0-dirty,2,27,8,1,50,297477.84,297477.84,0.003362,14.291915,28.662249
theLittleMachine,3eafeb0-dirty,2,3,8,8,50,10752.42,1344.05,0.744019,0.482124,1.178525
theLittleMachine,3eafeb0-dirty,2,9,8,8,50,24689.34,3086.17,0.324026,17.007502,34.854881
theLittleMachine,3eafeb0-dirty,2,27,8,8,50,559732.34,69966.54,0.014293,60.765158,121.863732
theLittleMachine,3eafeb0-dirty,2,3,8,32,50,11827.96,369.62,2.705454,1.753134,4.285439
theLittleMachine,3eafeb0-dirty,2,9,8,32,50,31098.94,971.84,1.028974,54.008786,110.684673
theLittleMachine,3eafeb0-dirty,2,27,8,32,50,1686310.00,52697.19,0.018976,80.678461,161.799603
theLittleMachine,3eafeb0-dirty,2,3,8,128,50,11468.36,89.60,11.161142,7.232420,17.679250
theLittleMachine,3eafeb0-dirty,2,9,8,128,50,83740.74,654.22,1.528527,80.229336,164.420615
theLittleMachine,3eafeb0-dirty,2,27,8,128,50,6594614.88,51520.43,0.019410,82.521208,165.495207
theLittleMachine,3eafeb0-dirty,2,3,16,1,50,360.22,360.22,2.776081,1.798901,4.397313
theLittleMachine,3eafeb0-dirty,2,9,16,1,50,5296.12,5296.12,0.188817,9.910652,20.310718
theLittleMachine,3eafeb0-dirty,2,27,16,1,50,295796.88,295796.88,0.003381,14.373133,28.825132
theLittleMachine,3eafeb0-dirty,2,3,16,8,50,21653.22,2706.65,0.369460,0.239410,0.585225
theLittleMachine,3eafeb0-dirty,2,9,16,8,50,22002.02,2750.25,0.363603,19.084793,39.112045
theLittleMachine,3eafeb0-dirty,2,27,16,8,50,649960.90,81245.11,0.012308,52.329646,104.946424
theLittleMachine,3eafeb0-dirty,2,3,16,32,50,17914.46,559.83,1.786267,1.157501,2.829446
theLittleMachine,3eafeb0-dirty,2,9,16,32,50,33663.78,1051.99,0.950577,49.893862,102.251619
theLittleMachine,3eafeb0-dirty,2,27,16,32,50,1551380.80,48480.65,0.020627,87.695359,175.871899
theLittleMachine,3eafeb0-dirty,2,3,16,128,50,24576.56,192.00,5.208215,3.374923,8.249812
theLittleMachine,3eafeb0-dirty,2,9,16,128,50,82958.94,648.12,1.542932,80.985413,165.970105
theLittleMachine,3eafeb0-dirty,2,27,16,128,50,5292120.56,41344.69,0.024187,102.831290,206.226812
theLittleMachine,3eafeb0-dirty,2,3,24,1,50,403.30,403.30,2.479544,1.606744,3.927597
theLittleMachine,3eafeb0-dirty,2,9,24,1,50,4137.24,4137.24,0.241707,12.686719,25.999942
theLittleMachine,3eafeb0-dirty,2,27,24,1,50,286024.22,286024.22,0.003496,14.864224,29.810007
theLittleMachine,3eafeb0-dirty,2,3,24,8,50,31383.68,3922.96,0.254910,0.165181,0.403777
theLittleMachine,3eafeb0-dirty,2,9,24,8,50,27094.66,3386.83,0.295261,15.497666,31.760650
theLittleMachine,3eafeb0-dirty,2,27,24,8,50,724140.22,90517.53,0.011048,46.969113,94.195945
theLittleMachine,3eafeb0-dirty,2,3,24,32,50,26959.78,842.49,1.186953,0.769146,1.880134
theLittleMachine,3eafeb0-dirty,2,9,24,32,50,35668.50,1114.64,0.897150,47.089617,96.504647
theLittleMachine,3eafeb0-dirty,2,27,24,32,50,1270029.44,39688.42,0.025196,107.122632,214.833042
theLittleMachine,3eafeb0-dirty,2,3,24,128,50,42415.18,331.37,3.017787,1.955526,4.780175
theLittleMachine,3eafeb0-dirty,2,9,24,128,50,88891.46,694.46,1.439958,75.580534,154.893440
theLittleMachine,3eafeb0-dirty,2,27,24,128,50,3825531.06,29886.96,0.033459,142.253605,285.287751
theLittleMachine,3eafeb0-dirty,2,3,32,1,50,309.46,309.46,3.231435,2.093970,5.118594
theLittleMachine,3eafeb0-dirty,2,9,32,1,50,3236.38,3236.38,0.308987,16.218120,33.237135
theLittleMachine,3eafeb0-dirty,2,27,32,1,50,294654.86,294654.86,0.003394,14.428841,28.936852
theLittleMachine,3eafeb0-dirty,2,3,32,8,50,51991.10,6498.89,0.153872,0.099709,0.243734
theLittleMachine,3eafeb0-dirty,2,9,32,8,50,39571.10,4946.39,0.202168,10.611381,21.746780
theLittleMachine,3eafeb0-dirty,2,27,32,8,50,527728.78,65966.10,0.015159,64.450197,129.254031
theLittleMachine,3eafeb0-dirty,2,3,32,32,50,34512.08,1078.50,0.927212,0.600833,1.468703
theLittleMachine,3eafeb0-dirty,2,9,32,32,50,45666.18,1427.07,0.700737,36.780304,75.376920
theLittleMachine,3eafeb0-dirty,2,27,32,32,50,1076367.24,33636.48,0.029730,126.396355,253.486243
theLittleMachine,3eafeb0-dirty,2,3,32,128,50,54845.02,428.48,2.333849,1.512334,3.696817
theLittleMachine,3eafeb0-dirty,2,9,32,128,50,86815.32,678.24,1.474394,77.388000,158.597630
theLittleMachine,3eafeb0-dirty,2,27,32,128,50,3410491.16,26644.46,0.037531,159.565165,320.005859
theLittleMachine,3eafeb0-dirty,3,3,1,1,50,310.70,310.70,3.218539,2.085613,5.098165
theLittleMachine,3eafeb0-dirty,3,9,1,1,50,3674.56,3674.56,0.272141,14.284159,29.273709
theLittleMachine,3eafeb0-dirty,3,27,1,1,50,293030.08,293030.08,0.003413,14.508845,29.097299
theLittleMachine,3eafeb0-dirty,3,3,1,8,50,660.24,82.53,12.116806,7.851690,19.193021
theLittleMachine,3eafeb0-dirty,3,9,1,8,50,24198.78,3024.85,0.330595,17.352280,35.561462
theLittleMachine,3eafeb0-dirty,3,27,1,8,50,2383998.28,297999.78,0.003356,14.266883,28.612047
theLittleMachine,3eafeb0-dirty,3,3,1,32,50,1890.88,59.09,16.923337,10.966323,26.806566
theLittleMachine,3eafeb0-dirty,3,9,1,32,50,93718.04,2928.69,0.341450,17.922014,36.729065
theLittleMachine,3eafeb0-dirty,3,27,1,32,50,9677905.10,302434.53,0.003307,14.057680,28.192495
theLittleMachine,3eafeb0-dirty,3,3,1,128,50,5724.16,44.72,22.361360,14.490161,35.420394
theLittleMachine,3eafeb0-dirty,3,9,1,128,50,377177.04,2946.70,0.339363,17.812495,36.504619
theLittleMachine,3eafeb0-dirty,3,27,1,128,50,38601446.06,301573.80,0.003316,14.097803,28.272960
theLittleMachine,3eafeb0-dirty,3,3,2,1,50,308.18,308.18,3.244857,2.102667,5.139853
theLittleMachine,3eafeb0-dirty,3,9,2,1,50,3339.30,3339.30,0.299464,15.718264,32.212739
theLittleMachine,3eafeb0-dirty,3,27,2,1,50,279920.80,279920.80,0.003572,15.188325,30.459987
theLittleMachine,3eafeb0-dirty,3,3,2,8,50,4518.92,564.87,1.770335,1.147177,2.804210
theLittleMachine,3eafeb0-dirty,3,9,2,8,50,18314.14,2289.27,0.436821,22.927858,46.987956
theLittleMachine,3eafeb0-dirty,3,27,2,8,50,1190582.66,148822.83,0.006719,28.567713,57.292177
theLittleMachine,3eafeb0-dirty,3,3,2,32,50,5035.40,157.36,6.355007,4.118044,10.066330
theLittleMachine,3eafeb0-dirty,3,9,2,32,50,59822.70,1869.46,0.534914,28.076566,57.539630
theLittleMachine,3eafeb0-dirty,3,27,2,32,50,5151460.98,160983.16,0.006212,26.409769,52.964448
theLittleMachine,3eafeb0-dirty,3,3,2,128,50,7425.38,58.01,17.238175,11.170337,27.305269
theLittleMachine,3eafeb0-dirty,3,9,2,128,50,191816.68,1498.57,0.667304,35.025442,71.780535
theLittleMachine,3eafeb0-dirty,3,27,2,128,50,19148109.86,149594.61,0.006685,28.420329,56.996600
theLittleMachine,3eafeb0-dirty,3,3,4,1,50,309.98,309.98,3.226015,2.090457,5.110007
theLittleMachine,3eafeb0-dirty,3,9,4,1,50,3232.46,3232.46,0.309362,16.237788,33.277442
theLittleMachine,3eafeb0-dirty,3,27,4,1,50,297923.66,297923.66,0.003357,14.270528,28.619358
theLittleMachine,3eafeb0-dirty,3,3,4,8,50,5673.58,709.20,1.410044,0.913709,2.233510
theLittleMachine,3eafeb0-dirty,3,9,4,8,50,11837.34,1479.67,0.675828,35.472834,72.697413
theLittleMachine,3eafeb0-dirty,3,27,4,8,50,697825.42,87228.18,0.011464,48.740305,97.748047
theLittleMachine,3eafeb0-dirty,3,3,4,32,50,6116.34,191.14,5.231887,3.390263,8.287309
theLittleMachine,3eafeb0-dirty,3,9,4,32,50,33568.72,1049.02,0.953268,50.035152,102.541175
theLittleMachine,3eafeb0-dirty,3,27,4,32,50,2976925.30,93028.92,0.010749,45.701145,91.653052
theLittleMachine,3eafeb0-dirty,3,3,4,128,50,7797.50,60.92,16.415518,10.637256,26.002180
theLittleMachine,3eafeb0-dirty,3,9,4,128,50,117494.10,917.92,1.089416,57.181288,117.186344
theLittleMachine,3eafeb0-dirty,3,27,4,128,50,11713842.98,91514.40,0.010927,46.457476,93.169864
theLittleMachine,3eafeb0-dirty,3,3,8,1,50,245.18,245.18,4.078636,2.642956,6.460560
theLittleMachine,3eafeb0-dirty,3,9,8,1,50,3234.46,3234.46,0.309171,16.227747,33.256865
theLittleMachine,3eafeb0-dirty,3,27,8,1,50,290281.22,290281.22,0.003445,14.646239,29.372841
theLittleMachine,3eafeb0-dirty,3,3,8,8,50,9396.46,1174.56,0.851384,0.551697,1.348593
theLittleMachine,3eafeb0-dirty,3,9,8,8,50,13592.28,1699.04,0.588569,30.892830,63.311233
theLittleMachine,3eafeb0-dirty,3,27,8,8,50,547046.06,68380.76,0.014624,62.174333,124.689815
theLittleMachine,3eafeb0-dirty,3,3,8,32,50,11664.96,364.53,2.743258,1.777631,4.345321
theLittleMachine,3eafeb0-dirty,3,9,8,32,50,32611.44,1019.11,0.981251,51.503889,105.551181
theLittleMachine,3eafeb0-dirty,3,27,8,32,50,1903514.58,59484.83,0.016811,71.472474,143.337115
theLittleMachine,3eafeb0-dirty,3,3,8,128,50,11971.94,93.53,10.691667,6.928200,16.935601
theLittleMachine,3eafeb0-dirty,3,9,8,128,50,117455.02,917.62,1.089779,57.200314,117.225334
theLittleMachine,3eafeb0-dirty,3,27,8,128,50,6689532.50,52261.97,0.019134,81.350316,163.146999
theLittleMachine,3eafeb0-dirty,3,3,16,1,50,386.40,386.40,2.587992,1.677019,4.099379
theLittleMachine,3eafeb0-dirty,3,9,16,1,50,3952.04,3952.04,0.253034,13.281242,27.218348
theLittleMachine,3eafeb0-dirty,3,27,16,1,50,319764.02,319764.02,0.003127,13.295830,26.664613
theLittleMachine,3eafeb0-dirty,3,3,16,8,50,21951.18,2743.90,0.364445,0.236160,0.577281
theLittleMachine,3eafeb0-dirty,3,9,16,8,50,25520.90,3190.11,0.313469,16.453338,33.719187
theLittleMachine,3eafeb0-dirty,3,27,16,8,50,739311.68,92413.96,0.010821,46.005257,92.262944
theLittleMachine,3eafeb0-dirty,3,3,16,32,50,27002.10,843.82,1.185093,0.767940,1.877187
theLittleMachine,3eafeb0-dirty,3,9,16,32,50,60068.82,1877.15,0.532722,27.961528,57.303872
theLittleMachine,3eafeb0-dirty,3,27,16,32,50,2022224.48,63194.51,0.015824,67.276851,134.922849
theLittleMachine,3eafeb0-dirty,3,3,16,128,50,27673.58,216.20,4.625350,2.997227,7.326555
theLittleMachine,3eafeb0-dirty,3,9,16,128,50,126747.28,990.21,1.009884,53.006771,108.631160
theLittleMachine,3eafeb0-dirty,3,27,16,128,50,7215094.50,56367.93,0.017741,75.424595,151.263043
theLittleMachine,3eafeb0-dirty,3,3,24,1,50,537.42,537.42,1.860742,1.205761,2.947415
theLittleMachine,3eafeb0-dirty,3,9,24,1,50,6663.74,6663.74,0.150066,7.876658,16.142286
theLittleMachine,3eafeb0-dirty,3,27,24,1,50,516368.60,516368.60,0.001937,8.233514,16.512205
theLittleMachine,3eafeb0-dirty,3,3,24,8,50,42341.10,5292.64,0.188942,0.122434,0.299284
theLittleMachine,3eafeb0-dirty,3,9,24,8,50,44814.64,5601.83,0.178513,9.369795,19.202296
theLittleMachine,3eafeb0-dirty,3,27,24,8,50,738954.36,92369.29,0.010826,46.027503,92.307557
theLittleMachine,3eafeb0-dirty,3,3,24,32,50,42839.22,1338.73,0.746979,0.484042,1.183215
theLittleMachine,3eafeb0-dirty,3,9,24,32,50,58590.34,1830.95,0.546165,28.667115,58.749889
theLittleMachine,3eafeb0-dirty,3,27,24,32,50,1401955.38,43811.11,0.022825,97.042244,194.616956
theLittleMachine,3eafeb0-dirty,3,3,24,128,50,35800.88,279.69,3.575331,2.316815,5.663324
theLittleMachine,3eafeb0-dirty,3,9,24,128,50,79817.30,623.57,1.603662,84.173030,172.502753
theLittleMachine,3eafeb0-dirty,3,27,24,128,50,3632566.62,28379.43,0.035237,149.810214,300.442433
theLittleMachine,3eafeb0-dirty,3,3,32,1,50,458.74,458.74,2.179884,1.412565,3.452936
theLittleMachine,3eafeb0-dirty,3,9,32,1,50,3332.10,3332.10,0.300111,15.752228,32.282344
theLittleMachine,3eafeb0-dirty,3,27,32,1,50,293482.96,293482.96,0.003407,14.486456,29.052399
theLittleMachine,3eafeb0-dirty,3,3,32,8,50,104782.80,13097.85,0.076348,0.049474,0.120936
theLittleMachine,3eafeb0-dirty,3,9,32,8,50,43432.18,5429.02,0.184195,9.668039,19.813512
theLittleMachine,3eafeb0-dirty,3,27,32,8,50,611818.58,76477.32,0.013076,55.592009,111.489050
theLittleMachine,3eafeb0-dirty,3,3,32,32,50,40946.58,1279.58,0.781506,0.506416,1.237906
theLittleMachine,3eafeb0-dirty,3,9,32,32,50,284580.24,8893.13,0.112446,5.902082,12.095625
theLittleMachine,3eafeb0-dirty,3,27,32,32,50,1216362.12,38011.32,0.026308,111.849008,224.311727
theLittleMachine,3eafeb0-dirty,3,3,32,128,50,46908.70,366.47,2.728705,1.768201,4.322269
theLittleMachine,3eafeb0-dirty,3,9,32,128,50,100449.32,784.76,1.274274,66.884116,137.071152
theLittleMachine,3eafeb0-dirty,3,27,32,128,50,3581923.36,27983.78,0.035735,151.928316,304.690258
theLittleMachine,3eafeb0-dirty,4,3,1,1,50,307.92,307.92,3.247597,2.104443,5.144193
theLittleMachine,3eafeb0-dirty,4,9,1,1,50,3222.88,3222.88,0.310281,16.286055,33.376359
theLittleMachine,3eafeb0-dirty,4,27,1,1,50,297839.26,297839.26,0.003358,14.274572,28.627468
theLittleMachine,3eafeb0-dirty,4,3,1,8,50,659.30,82.41,12.134082,7.862885,19.220385
theLittleMachine,3eafeb0-dirty,4,9,1,8,50,24329.10,3041.14,0.328824,17.259331,35.370975
theLittleMachine,3eafeb0-dirty,4,27,1,8,50,2440354.80,305044.35,0.003278,13.937409,27.951293
theLittleMachine,3eafeb0-dirty,4,3,1,32,50,1649.12,51.53,19.404288,12.573979,30.736393
theLittleMachine,3eafeb0-dirty,4,9,1,32,50,93269.08,2914.66,0.343093,18.008283,36.905864
theLittleMachine,3eafeb0-dirty,4,27,1,32,50,9488742.78,296523.21,0.003372,14.337926,28.754525
theLittleMachine,3eafeb0-dirty,4,3,1,128,50,5535.50,43.25,23.123476,14.984012,36.627586
theLittleMachine,3eafeb0-dirty,4,9,1,128,50,370786.62,2896.77,0.345212,18.119489,37.133767
theLittleMachine,3eafeb0-dirty,4,27,1,128,50,38530592.54,301020.25,0.003322,14.123727,28.324951
theLittleMachine,3eafeb0-dirty,4,3,2,1,50,311.00,311.00,3.215434,2.083601,5.093248
theLittleMachine,3eafeb0-dirty,4,9,2,1,50,3306.80,3306.80,0.302407,15.872747,32.529333
theLittleMachine,3eafeb0-dirty,4,27,2,1,50,289916.52,289916.52,0.003449,14.664663,29.409790
theLittleMachine,3eafeb0-dirty,4,3,2,8,50,4605.04,575.63,1.737227,1.125723,2.751768
theLittleMachine,3eafeb0-dirty,4,9,2,8,50,18086.72,2260.84,0.442313,23.216150,47.578776
theLittleMachine,3eafeb0-dirty,4,27,2,8,50,1263613.04,157951.63,0.006331,26.916645,53.980981
theLittleMachine,3eafeb0-dirty,4,3,2,32,50,5346.80,167.09,5.984888,3.878208,9.480063
theLittleMachine,3eafeb0-dirty,4,9,2,32,50,50845.04,1588.91,0.629363,33.034019,67.699347
theLittleMachine,3eafeb0-dirty,4,27,2,32,50,4840588.34,151268.39,0.006611,28.105860,56.365935
theLittleMachine,3eafeb0-dirty,4,3,2,128,50,6817.20,53.26,18.776037,12.166872,29.741243
theLittleMachine,3eafeb0-dirty,4,9,2,128,50,190037.18,1484.67,0.673552,35.353419,72.452685
theLittleMachine,3eafeb0-dirty,4,27,2,128,50,19024286.76,148627.24,0.006728,28.605308,57.367573
theLittleMachine,3eafeb0-dirty,4,3,4,1,50,244.72,244.72,4.086303,2.647924,6.472703
theLittleMachine,3eafeb0-dirty,4,9,4,1,50,3696.88,3696.88,0.270498,14.197918,29.096968
theLittleMachine,3eafeb0-dirty,4,27,4,1,50,295921.82,295921.82,0.003379,14.367065,28.812961
theLittleMachine,3eafeb0-dirty,4,3,4,8,50,8396.98,1049.62,0.952723,0.617365,1.509114
theLittleMachine,3eafeb0-dirty,4,9,4,8,50,32873.88,4109.23,0.243354,12.773180,26.177135
theLittleMachine,3eafeb0-dirty,4,27,4,8,50,748788.78,93598.60,0.010684,45.422988,91.095211
theLittleMachine,3eafeb0-dirty,4,3,4,32,50,5766.52,180.20,5.549274,3.595930,8.790050
theLittleMachine,3eafeb0-dirty,4,9,4,32,50,33942.22,1060.69,0.942779,49.484565,101.412813
theLittleMachine,3eafeb0-dirty,4,27,4,32,50,2972508.00,92890.88,0.010765,45.769060,91.789253
theLittleMachine,3eafeb0-dirty,4,3,4,128,50,8792.20,68.69,14.558359,9.433816,23.060440
theLittleMachine,3eafeb0-dirty,4,9,4,128,50,104086.04,813.17,1.229752,64.547215,132.281947
theLittleMachine,3eafeb0-dirty,4,27,4,128,50,11642943.72,90960.50,0.010994,46.740377,93.737218
theLittleMachine,3eafeb0-dirty,4,3,8,1,50,330.00,330.00,3.030303,1.963636,4.800000
theLittleMachine,3eafeb0-dirty,4,9,8,1,50,3529.32,3529.32,0.283341,14.871987,30.478392
theLittleMachine,3eafeb0-dirty,4,27,8,1,50,293365.28,293365.28,0.003409,14.492267,29.064053
theLittleMachine,3eafeb0-dirty,4,3,8,8,50,8828.42,1103.55,0.906164,0.587195,1.435364
theLittleMachine,3eafeb0-dirty,4,9,8,8,50,13252.68,1656.59,0.603651,31.684459,64.933583
theLittleMachine,3eafeb0-dirty,4,27,8,8,50,528225.82,66028.23,0.015145,64.389552,129.132408
theLittleMachine,3eafeb0-dirty,4,3,8,32,50,12363.18,386.35,2.588331,1.677238,4.099916
theLittleMachine,3eafeb0-dirty,4,9,8,32,50,43329.14,1354.04,0.738533,38.764120,79.442518
theLittleMachine,3eafeb0-dirty,4,27,8,32,50,1860637.38,58144.92,0.017198,73.119511,146.640227
theLittleMachine,3eafeb0-dirty,4,3,8,128,50,10655.22,83.24,12.012891,7.784354,19.028420
theLittleMachine,3eafeb0-dirty,4,9,8,128,50,76501.14,597.67,1.673178,87.821750,179.980377
theLittleMachine,3eafeb0-dirty,4,27,8,128,50,7025782.60,54888.93,0.018219,77.456935,155.338873
theLittleMachine,3eafeb0-dirty,4,3,16,1,50,422.26,422.26,2.368209,1.534600,3.751243
theLittleMachine,3eafeb0-dirty,4,9,16,1,50,5217.28,5217.28,0.191671,10.060415,20.617640
theLittleMachine,3eafeb0-dirty,4,27,16,1,50,301128.54,301128.54,0.003321,14.118648,28.314766
theLittleMachine,3eafeb0-dirty,4,3,16,8,50,18080.82,2260.10,0.442458,0.286713,0.700853
theLittleMachine,3eafeb0-dirty,4,9,16,8,50,19836.72,2479.59,0.403292,21.168016,43.381365
theLittleMachine,3eafeb0-dirty,4,27,16,8,50,526643.06,65830.38,0.015191,64.583067,129.520499
theLittleMachine,3eafeb0-dirty,4,3,16,32,50,21869.64,683.43,1.463216,0.948164,2.317734
theLittleMachine,3eafeb0-dirty,4,9,16,32,50,45954.74,1436.09,0.696337,36.549353,74.903612
theLittleMachine,3eafeb0-dirty,4,27,16,32,50,1606660.86,50208.15,0.019917,84.678042,169.820710
theLittleMachine,3eafeb0-dirty,4,3,16,128,50,22208.36,173.50,5.763595,3.734810,9.129535
theLittleMachine,3eafeb0-dirty,4,9,16,128,50,112523.26,879.09,1.137543,59.707335,122.363181
theLittleMachine,3eafeb0-dirty,4,27,16,128,50,5127385.78,40057.70,0.024964,106.135096,212.852553
theLittleMachine,3eafeb0-dirty,4,3,24,1,50,388.68,388.68,2.572811,1.667181,4.075332
theLittleMachine,3eafeb0-dirty,4,9,24,1,50,3908.62,3908.62,0.255845,13.428780,27.520711
theLittleMachine,3eafeb0-dirty,4,27,24,1,50,302928.92,302928.92,0.003301,14.034738,28.146484
theLittleMachine,3eafeb0-dirty,4,3,24,8,50,31569.74,3946.22,0.253407,0.164208,0.401397
theLittleMachine,3eafeb0-dirty,4,9,24,8,50,29043.16,3630.39,0.275452,14.457931,29.629834
theLittleMachine,3eafeb0-dirty,4,27,24,8,50,724773.16,90596.65,0.011038,46.928095,94.113684
theLittleMachine,3eafeb0-dirty,4,3,24,32,50,36636.68,1144.90,0.873442,0.565990,1.383531
theLittleMachine,3eafeb0-dirty,4,9,24,32,50,48380.38,1511.89,0.661425,34.716883,71.148180
theLittleMachine,3eafeb0-dirty,4,27,24,32,50,1357133.78,42410.43,0.023579,100.247225,201.044504
theLittleMachine,3eafeb0-dirty,4,3,24,128,50,38152.06,298.06,3.354996,2.174037,5.314313
theLittleMachine,3eafeb0-dirty,4,9,24,128,50,75084.94,586.60,1.704736,89.478183,183.375042
theLittleMachine,3eafeb0-dirty,4,27,24,128,50,3876549.60,30285.54,0.033019,140.381432,281.533132
theLittleMachine,3eafeb0-dirty,4,3,32,1,50,310.16,310.16,3.224142,2.089244,5.107042
theLittleMachine,3eafeb0-dirty,4,9,32,1,50,3267.56,3267.56,0.306039,16.063362,32.919977
theLittleMachine,3eafeb0-dirty,4,27,32,1,50,297849.68,297849.68,0.003357,14.274073,28.626467
theLittleMachine,3eafeb0-dirty,4,3,32,8,50,42721.52,5340.19,0.187259,0.121344,0.296619
theLittleMachine,3eafeb0-dirty,4,9,32,8,50,35194.70,4399.34,0.227307,11.930887,24.450954
theLittleMachine,3eafeb0-dirty,4,27,32,8,50,691060.98,86382.62,0.011576,49.217399,98.704852
theLittleMachine,3eafeb0-dirty,4,3,32,32,50,47145.70,1473.30,0.678747,0.439828,1.075135
theLittleMachine,3eafeb0-dirty,4,9,32,32,50,69720.12,2178.75,0.458978,24.090836,49.371344
theLittleMachine,3eafeb0-dirty,4,27,32,32,50,1150108.66,35940.90,0.027823,118.292211,237.233487
theLittleMachine,3eafeb0-dirty,4,3,32,128,50,116091.66,906.97,1.102577,0.714470,1.746482
theLittleMachine,3eafeb0-dirty,4,9,32,128,50,96757.28,755.92,1.322898,69.436264,142.301479
theLittleMachine,3eafeb0-dirty,4,27,32,128,50,3414085.18,26672.54,0.037492,159.397190,319.668987
theLittleMachine,3eafeb0-dirty,5,3,1,1,50,313.98,313.98,3.184916,2.063826,5.044907
theLittleMachine,3eafeb0-dirty,5,9,1,1,50,3077.82,3077.82,0.324905,17.053629,34.949412
theLittleMachine,3eafeb0-dirty,5,27,1,1,50,290447.94,290447.94,0.003443,14.637831,29.355980
theLittleMachine,3eafeb0-dirty,5,3,1,8,50,656.48,82.06,12.186205,7.896661,19.302949
theLittleMachine,3eafeb0-dirty,5,9,1,8,50,23540.96,2942.62,0.339833,17.837166,36.555179
theLittleMachine,3eafeb0-dirty,5,27,1,8,50,2517924.78,314740.60,0.003177,13.508038,27.090194
theLittleMachine,3eafeb0-dirty,5,3,1,32,50,1894.24,59.20,16.893319,10.946871,26.759017
theLittleMachine,3eafeb0-dirty,5,9,1,32,50,92846.76,2901.46,0.344654,18.090195,37.073733
theLittleMachine,3eafeb0-dirty,5,27,1,32,50,10337939.92,323060.62,0.003095,13.160155,26.392520
theLittleMachine,3eafeb0-dirty,5,3,1,128,50,5534.78,43.24,23.126484,14.985962,36.632350
theLittleMachine,3eafeb0-dirty,5,9,1,128,50,403570.54,3152.89,0.317169,16.647558,34.117218
theLittleMachine,3eafeb0-dirty,5,27,1,128,50,39419131.42,307961.96,0.003247,13.805367,27.686484
theLittleMachine,3eafeb0-dirty,5,3,2,1,50,309.94,309.94,3.226431,2.090727,5.110667
theLittleMachine,3eafeb0-dirty,5,9,2,1,50,3190.08,3190.08,0.313472,16.453506,33.719531
theLittleMachine,3eafeb0-dirty,5,27,2,1,50,287673.96,287673.96,0.003476,14.778981,29.639054
theLittleMachine,3eafeb0-dirty,5,3,2,8,50,4583.20,572.90,1.745505,1.131087,2.764880
theLittleMachine,3eafeb0-dirty,5,9,2,8,50,16155.20,2019.40,0.495197,25.991879,53.267307
theLittleMachine,3eafeb0-dirty,5,27,2,8,50,1185590.88,148198.86,0.006748,28.687994,57.533398
theLittleMachine,3eafeb0-dirty,5,3,2,32,50,5134.32,160.45,6.232568,4.038704,9.872388
theLittleMachine,3eafeb0-dirty,5,9,2,32,50,60052.10,1876.63,0.532871,27.969313,57.319827
theLittleMachine,3eafeb0-dirty,5,27,2,32,50,5031640.02,157238.75,0.006360,27.038678,54.225717
theLittleMachine,3eafeb0-dirty,5,3,2,128,50,7047.52,55.06,18.162417,11.769246,28.769269
theLittleMachine,3eafeb0-dirty,5,9,2,128,50,189665.92,1481.77,0.674871,35.422621,72.594507
theLittleMachine,3eafeb0-dirty,5,27,2,128,50,19328605.92,151004.73,0.006622,28.154932,56.464349
theLittleMachine,3eafeb0-dirty,5,3,4,1,50,243.96,243.96,4.099033,2.656173,6.492868
theLittleMachine,3eafeb0-dirty,5,9,4,1,50,3236.48,3236.48,0.308978,16.217619,33.236108
theLittleMachine,3eafeb0-dirty,5,27,4,1,50,284392.52,284392.52,0.003516,14.949507,29.981042
theLittleMachine,3eafeb0-dirty,5,3,4,8,50,5441.44,680.18,1.470199,0.952689,2.328795
theLittleMachine,3eafeb0-dirty,5,9,4,8,50,25268.62,3158.58,0.316598,16.617607,34.055837
theLittleMachine,3eafeb0-dirty,5,27,4,8,50,753532.04,94191.51,0.010617,45.137064,90.521794
theLittleMachine,3eafeb0-dirty,5,3,4,32,50,5816.56,181.77,5.501534,3.564994,8.714429
theLittleMachine,3eafeb0-dirty,5,9,4,32,50,32860.24,1026.88,0.973821,51.113930,104.752004
theLittleMachine,3eafeb0-dirty,5,27,4,32,50,3023882.52,94496.33,0.010582,44.991462,90.229791
theLittleMachine,3eafeb0-dirty,5,3,4,128,50,6946.58,54.27,18.426334,11.940264,29.187312
theLittleMachine,3eafeb0-dirty,5,9,4,128,50,118812.72,928.22,1.077326,56.546673,115.885774
theLittleMachine,3eafeb0-dirty,5,27,4,128,50,11885544.66,92855.82,0.010769,45.786340,91.823907
theLittleMachine,3eafeb0-dirty,5,3,8,1,50,334.52,334.52,2.989358,1.937104,4.735143
theLittleMachine,3eafeb0-dirty,5,9,8,1,50,3280.44,3280.44,0.304837,16.000293,32.790723
theLittleMachine,3eafeb0-dirty,5,27,8,1,50,305772.30,305772.30,0.003270,13.904229,27.884750
theLittleMachine,3eafeb0-dirty,5,3,8,8,50,9778.70,1222.34,0.818105,0.530132,1.295878
theLittleMachine,3eafeb0-dirty,5,9,8,8,50,13238.42,1654.80,0.604302,31.718589,65.003528
theLittleMachine,3eafeb0-dirty,5,27,8,8,50,484382.24,60547.78,0.016516,70.217735,140.820753
theLittleMachine,3eafeb0-dirty,5,3,8,32,50,10856.42,339.26,2.947565,1.910022,4.668942
theLittleMachine,3eafeb0-dirty,5,9,8,32,50,31811.42,994.11,1.005928,52.799152,108.205670
theLittleMachine,3eafeb0-dirty,5,27,8,32,50,1714461.56,53576.92,0.018665,79.353716,159.142844
theLittleMachine,3eafeb0-dirty,5,3,8,128,50,10040.28,78.44,12.748648,8.261124,20.193859
theLittleMachine,3eafeb0-dirty,5,9,8,128,50,73325.54,572.86,1.745640,91.625155,187.775010
theLittleMachine,3eafeb0-dirty,5,27,8,128,50,6808888.30,53194.44,0.018799,79.924293,160.287128
theLittleMachine,3eafeb0-dirty,5,3,16,1,50,426.82,426.82,2.342908,1.518204,3.711166
theLittleMachine,3eafeb0-dirty,5,9,16,1,50,5272.46,5272.46,0.189665,9.955125,20.401862
theLittleMachine,3eafeb0-dirty,5,27,16,1,50,308523.96,308523.96,0.003241,13.780220,27.636051
theLittleMachine,3eafeb0-dirty,5,3,16,8,50,25346.36,3168.30,0.315627,0.204526,0.499953
theLittleMachine,3eafeb0-dirty,5,9,16,8,50,27482.36,3435.30,0.291096,15.279037,31.312595
theLittleMachine,3eafeb0-dirty,5,27,16,8,50,554472.24,69309.03,0.014428,61.341617,123.019814
theLittleMachine,3eafeb0-dirty,5,3,16,32,50,18465.82,577.06,1.732931,1.122940,2.744963
theLittleMachine,3eafeb0-dirty,5,9,16,32,50,34270.62,1070.96,0.933744,49.010377,100.441019
theLittleMachine,3eafeb0-dirty,5,27,16,32,50,1564404.78,48887.65,0.020455,86.965278,174.407731
theLittleMachine,3eafeb0-dirty,5,3,16,128,50,20051.36,156.65,6.383607,4.136577,10.111633
theLittleMachine,3eafeb0-dirty,5,9,16,128,50,94424.40,737.69,1.355582,71.151779,145.817225
theLittleMachine,3eafeb0-dirty,5,27,16,128,50,5186518.26,40519.67,0.024679,104.925030,210.425780
theLittleMachine,3eafeb0-dirty,5,3,24,1,50,402.86,402.86,2.482252,1.608499,3.931887
theLittleMachine,3eafeb0-dirty,5,9,24,1,50,4242.32,4242.32,0.235720,12.372475,25.355937
theLittleMachine,3eafeb0-dirty,5,27,24,1,50,299997.18,299997.18,0.003333,14.171893,28.421547
theLittleMachine,3eafeb0-dirty,5,3,24,8,50,26839.64,3354.95,0.298067,0.193147,0.472137
theLittleMachine,3eafeb0-dirty,5,9,24,8,50,26493.66,3311.71,0.301959,15.849226,32.481129
theLittleMachine,3eafeb0-dirty,5,27,24,8,50,638132.14,79766.52,0.012537,53.299657,106.891767
theLittleMachine,3eafeb0-dirty,5,3,24,32,50,36080.40,1127.51,0.886908,0.574716,1.404862
theLittleMachine,3eafeb0-dirty,5,9,24,32,50,45622.60,1425.71,0.701407,36.815438,75.448922
theLittleMachine,3eafeb0-dirty,5,27,24,32,50,1349813.84,42181.68,0.023707,100.790859,202.134754
theLittleMachine,3eafeb0-dirty,5,3,24,128,50,31283.48,244.40,4.091616,2.651367,6.481120
theLittleMachine,3eafeb0-dirty,5,9,24,128,50,95263.52,744.25,1.343641,70.525045,144.532808
theLittleMachine,3eafeb0-dirty,5,27,24,128,50,3790421.54,29612.67,0.033769,143.571257,287.930284
theLittleMachine,3eafeb0-dirty,5,3,32,1,50,310.78,310.78,3.217710,2.085076,5.096853
theLittleMachine,3eafeb0-dirty,5,9,32,1,50,3194.00,3194.00,0.313087,16.433312,33.678147
theLittleMachine,3eafeb0-dirty,5,27,32,1,50,301104.22,301104.22,0.003321,14.119789,28.317052
theLittleMachine,3eafeb0-dirty,5,3,32,8,50,65099.24,8137.40,0.122889,0.079632,0.194657
theLittleMachine,3eafeb0-dirty,5,9,32,8,50,45947.10,5743.39,0.174113,9.138858,18.729017
theLittleMachine,3eafeb0-dirty,5,27,32,8,50,547769.64,68471.21,0.014605,62.092204,124.525105
theLittleMachine,3eafeb0-dirty,5,3,32,32,50,32963.86,1030.12,0.970760,0.629053,1.537684
theLittleMachine,3eafeb0-dirty,5,9,32,32,50,41261.20,1289.41,0.775547,40.706911,83.424040
theLittleMachine,3eafeb0-dirty,5,27,32,32,50,1748112.66,54628.52,0.018305,77.826160,156.079350
theLittleMachine,3eafeb0-dirty,5,3,32,128,50,349976.08,2734.19,0.365739,0.236999,0.579331
theLittleMachine,3eafeb0-dirty,5,9,32,128,50,496408.16,3878.19,0.257852,13.534153,27.736659
theLittleMachine,3eafeb0-dirty,5,27,32,128,50,3567746.22,27873.02,0.035877,152.532033,305.901004
